{"cameraMode":{"drawMode":0,"name":"Shaded","section":"Shading Mode"},"sceneLighting":false,"audioPlay":false,"sceneViewState":{"showFog":true,"showMaterialUpdate":false,"showSkybox":true,"showFlares":true,"showImageEffects":true,"showParticleSystems":true},"in2DMode":false,"pivot":{"x":1.0337214469909669,"y":1.3764796257019044,"z":3.2117843627929689},"rotation":{"x":-0.1815577894449234,"y":0.25826969742774966,"z":-0.04948564991354942,"w":-0.9475678205490112},"size":6.554088115692139,"orthographic":false}